,Monteverde ACT,Playa Venao ACT,Miami Tower ACT,Oaxaca ACT,Antigua ACT,Arequipa ACT,Neve Tzedek ACT,Kalu Yala ACT,Liverpool ACT,Santa Marta ACT,Porto ACT,Lisbon ACT,Catahoula ACT,Miramar ACT,Gold Dust ACT,Tamarindo ACT,Vila Nova ACT,Puerto Viejo ACT,Miraflores Lima ACT,Ericeira ACT,Parque 93 ACT,Medellin ACT,Brighton ACT,Cancun Hotelzone ACT,Atitlan ACT,Puerto Escondido ACT,Montañita ACT,Playa Del Carmen ACT,Mexico City ACT,Trimar ACT,Athens ACT,Nosara ACT,Central Park ACT,Los Lirios By Selina ACT,Bariloche ACT,Huaraz ACT,Chapinero ACT,Candelaria ACT,Newton ACT,Pucon ACT,Manchester ACT,Aurora Sao Paulo ACT,San Jose ACT,Chelsea ACT,Amazon Tena ACT,Cusco Plaza ACT,Sayulita ACT,Paraty ACT,Villa De Leyva ACT,Palermo ACT,La Paz ACT,Quindio ACT,San Miguel ACT,Red Frog ACT,Birmingham ACT,Peniche ACT,Miami River ACT,Beit Oren ACT,Cordoba ACT,Geres ACT,Madalena ACT,Casco Viejo ACT,Posada Miraflores ACT,Cuenca ACT,138 Bowery ACT,Cusco Saphi ACT,Cartagena ACT,Astoria ACT,Quito ACT,Cancún Downtown ACT,Santa Teresa N ACT,Santa Teresa S ACT,La Fortuna ACT,Banos ACT,Pedasi ACT,Mancora ACT,Maderas ACT,Jaco ACT,Centavrus ACT,Florianopolis ACT,Bocas Del Toro ACT,Lapa Rio De Janeiro ACT,Manuel Antonio ACT,Granada ACT,Monteverde FOR,Playa Venao FOR,Miami Tower FOR,Oaxaca FOR,Antigua FOR,Arequipa FOR,Neve Tzedek FOR,Kalu Yala FOR,Liverpool FOR,Santa Marta FOR,Porto FOR,Lisbon FOR,Catahoula FOR,Miramar FOR,Gold Dust FOR,Tamarindo FOR,Vila Nova FOR,Puerto Viejo FOR,Miraflores Lima FOR,Ericeira FOR,Parque 93 FOR,Medellin FOR,Brighton FOR,Cancun Hotelzone FOR,Atitlan FOR,Puerto Escondido FOR,Montañita FOR,Playa Del Carmen FOR,Mexico City FOR,Trimar FOR,Athens FOR,Nosara FOR,Central Park FOR,Los Lirios By Selina FOR,Bariloche FOR,Huaraz FOR,Chapinero FOR,Candelaria FOR,Newton FOR,Pucon FOR,Manchester FOR,Aurora Sao Paulo FOR,San Jose FOR,Chelsea FOR,Amazon Tena FOR,Cusco Plaza FOR,Sayulita FOR,Paraty FOR,Villa De Leyva FOR,Palermo FOR,La Paz FOR,Quindio FOR,San Miguel FOR,Red Frog FOR,Birmingham FOR,Peniche FOR,Miami River FOR,Beit Oren FOR,Cordoba FOR,Geres FOR,Madalena FOR,Casco Viejo FOR,Posada Miraflores FOR,Cuenca FOR,138 Bowery FOR,Cusco Saphi FOR,Cartagena FOR,Astoria FOR,Quito FOR,Cancún Downtown FOR,Santa Teresa N FOR,Santa Teresa S FOR,La Fortuna FOR,Banos FOR,Pedasi FOR,Mancora FOR,Maderas FOR,Jaco FOR,Centavrus FOR,Florianopolis FOR,Bocas Del Toro FOR,Lapa Rio De Janeiro FOR,Manuel Antonio FOR,Granada FOR
Total Occupied Beds,2970.8152,975.75852,1685.7126,0,2328.81968,2452.67838,2537.944,1821.30522,1281.87648,0,1767.1444,760.63036,2271.45516,865.99492,771.35538,316.46538,488.83034,1605.40416,523.33708,0,1799.677,1126.26516,2168.83056,809.70538,0,1736.64848,897.82896,1049.04124,0,0,709.3452,461.439,366.036,677.49228,1185.34776,3998.607,1567.4176,1914.55236,3599.02596,809.36908,689.95544,4208.12544,364.16688,1006.16004,334.36716,0,0,1440.63958,0,0,0,478.53484,2620.839,413.81184,1440.6915,1356.705,3931.27856,0,542.55456,1737.26208,0,0,0,0,0,283.7487,1070.673,1528.65696,0,3081.1688,340.17984,3992.80376,5183.31638,1512.0048,2841.9828,1037.85012,902.14304,927.7632,845.79096,2676.1338,898.157,2044.7866,3769.923,349.40154,3466.84,900.4934,2208.96,0,4423.98284,2157.10962,2270.792,1405.78356,1693.536,0,946.02016,647.99346,980.9163,957.73756,758.03318,76.71888,222.70494,1733.61352,689.08224,0,1394.819,1027.90744,1614.74976,516.65592,0,1238.14096,845.09712,895.45952,0,0,1924.58,97.881,90.86,1352.28,1488.89568,3285.87284,2001.2564,2531.1944,3227.2764,1894.844,624.7628,5923.7888,1075.9476,1081.42398,402.852,0,0,760.52062,0,0,0,721.23016,6258.72,1087.5824,1744.335,2655,3410.2,0,1843.632,1971.072,0,1436.001,0,0,791.8095,2213.23986,1749.173,1951.26924,0,2662.316,399.4536,4554.1628,5835.7431,2032.5972,4224.9428,1498.34394,2247.98496,963.4464,2685.7803,1973.55,983.82736,2977.9778,2133.64414,247.32918
Available Beds,5822.9578,7902.8376,4248.1062,0,5377.97272,14280.85206,4142.19176,2995.38044,8183.68704,0,14230.1628,5446.3254,11093.02896,5754.7656,14108.2098,2630.3616,4622.178,8027.0208,5794.5552,0,6488.82,7896.324,5778.2712,6666.528,0,5364.3744,5411.952,1639.9404,3693.2112,13.1098,9914.3364,6599.976,4761.064,7261.7436,6016.0176,11100.69424,6420.81424,9811.07106,6699.6624,18285.2446,2390.3968,19998.37568,5462.5032,10061.6004,4350.8016,0,1470.3036,5773.1028,10637.0628,1503.792,5346.0372,10448.2392,6359.1203,8658.21696,4636.0548,3942.675,5663.66016,0,4187.6784,7136.64,0,0,0,0,0,8387.8884,4152.42,4770.0792,6501.033,8675.4544,2224.05456,6353.81384,5779.59162,1869.828,3970.47816,1363.3956,3325.73088,3806.208,2986.53516,4136.5608,3458.59534,2772.1268,10703.93576,1044.27876,6320.316,8225.4024,5052.996,0,20370.7176,14968.2528,6451.7208,4970.7264,9379.584,0,14230.1628,5446.3254,11210.472,5421.156,14108.2098,2630.3616,4622.178,8027.0208,5794.5552,0,6738.39,8311.92,5857.4256,6666.528,0,5364.3744,5411.952,1561.848,4014.36,10854.9144,10475.214,7550.82,7320.72,6472.01208,5603.9616,4860.06128,7699.93896,10166.51538,6650.64048,18450.43439,2618.57104,23206.1632,5363.18496,9969.171,4188.31796,0,1470.3036,6010.3536,10637.0628,1503.792,5346.0372,11024.1264,12830.376,10026.9792,5426.82,5814.45,8266.3248,0,3476.5632,5831.6544,0,4102.86,0,0,1569.8484,7848.0738,2977.258,3495.26856,0,12034.59802,2628.6624,9039.5316,7941.4236,2663.496,4978.656,2504.196,4222.512,5074.944,4117.3209,4770.7282,3611.97292,4402.46672,2828.10364,834.89956
Rooms Revenue,17974.22667,2976.801353,13118.62135,0,21367.38917,23447.66497,28636.48639,35997.39478,30116.77078,0,16520.57061,5565.383928,20965.5685,7674.05777,7870.934277,5419.62581,9139.340116,23712.05775,4924.179077,0,33793.07854,12914.7025,34565.50354,6766.242593,0,27219.448,14048.05081,9422.683649,0,0,6866.571512,4985.77848,3729.91982,7456.791058,13075.40769,233605.6543,25408.57682,18149.60362,71022.38714,25939.57251,25012.98852,49833.0378,7109.636895,8914.448553,5444.728749,0,0,12746.82645,0,0,0,8301.77049,57097.13687,1001.532085,12303.16688,20112.91533,80428.22202,0,18467.62224,46748.85258,0,79290.32695,0,0,66346.79211,9741.023664,24617.8418,23642.30757,0,38646.50209,6094.984153,74966.3449,88021.71241,47556.08884,94000.53523,27002.66478,22299.3781,14547.43799,51544.72065,48559.80692,7677.878533,50773.91492,93183.97653,7098.948123,17334.2,5376.08,20709,0,21429.272,25896.162,24043.68,24594.74,35173.34559,0,18611.99,6625.7,25853.48376,9869.284,15825.44138,5027.8266,5385.5377,22899.30656,10158.74272,0,37034.8015,18756.51243,45854.14392,9241.043893,0,29471.57493,15790.41072,11077.40694,0,0,18558.45,2796.6,2596,20933.2944,24558.5376,154436.0235,31222.95859,30374.3328,61318.2516,34482.9125,20617.1724,83146.52314,15063.2664,11355.612,5371.36,0,0,13180.6,0,0,0,12340.44,94102.13703,8621.08,15505.2,30532.5,62747.68,0,79012.8,57772.8,0,100520.07,0,0,48885.63,53589.74838,36639,40308.564,0,47921.688,9786.6132,91830.35884,119832.6061,71791.9788,134982.4278,40360.68342,119143.2029,17484.768,179947.2801,41444.55,11745.13,77587.98658,110952.1408,4479.40626
Food & Beverage- General Revenue,6016.582147,0,4756.147672,0,13370.60192,2789.819293,7869.57661,4114.140795,11390.93287,0,7566.853859,10565.32532,7045.796332,3366.590698,6682.053156,705.8410956,2595.993049,9303.46204,3421.806218,0,17240.53824,2583.376598,10964.01631,9277.191753,0,10734.26896,9324.252101,295.3441553,0,0,2509.446115,105.543684,0,5279.199699,6095.087026,466928.8975,8952.206259,9771.395934,29573.58032,10675.90841,7787.832642,15961.95489,15483.52601,4906.371742,2842.67411,0,0,33114.99216,0,0,0,8497.462445,14588.67341,0,4878.780953,8243.4564,18916.78862,0,1098.27792,194.38848,0,2379.344247,0,0,634.1223594,0,640.902958,113508.979,0,22979.40756,1606.656499,46645.652,10951.65097,8823.528659,21466.86245,19640.72086,20111.95334,0,23099.08039,12799.11776,0,21391.76282,37947.44438,5371.184988,3333.30951,0,8283.110474,0,10327.66215,4739.294703,6031.184802,3883.378045,9769.967781,0,8400.46138,11756.49631,7635.819489,6873.268236,5886.320815,1569.243591,1800.646476,14502.14117,6193.25898,0,16658.02787,6725.892331,11211.35552,7836.524261,0,11186.61132,11840.60575,3298.011552,0,0,3436.75,0,0,5618.068111,8074.209575,392848.7428,16931.31209,8751.609593,23600.23905,9287.804432,13760.58059,38087.16774,10279.57711,6068.024441,3086.849421,0,0,30315.38,697.97,0,0,20567.4,22144.1337,1326.187368,7751.82474,6636.83625,6819.71796,0,20850.84571,0,0,8205.72,0,0,0,0,0,164840.5794,0,48873.77299,807.8836854,75319.38144,14527.58061,12983.44719,41055.26535,21118.40697,35276.58667,0,60471.516,16208.9118,0,18387.81404,98694.4103,2532.964872
Co-working Revenue,0,0,0,0,9.6883546,77.19225588,7671.01455,0,2164.444528,0,314.3311423,0,632.991294,0,0,0,0,0,2607.646416,0,247.7273415,184.2267802,918.185763,68.09163922,0,619.7003876,0,3021.259596,0,0,380.475719,0,115.88544,214.0578103,35.22117336,2478.854333,394.0459857,1208.984614,5545.580189,2443.892644,0,15.56112256,73.7437932,-6.95465214,0,0,0,271.2831092,0,0,0,0,10.8314973,0,0,0,0,0,0,0,0,0,0,0,0,0,0,0,0,968.891392,0,0,7924.142314,45.319788,15.11713576,0,198.7864816,0,0,1036.925537,140.8531261,341.1266708,0,0,0,0,0,0,1560.54219,406.7456198,6333.117036,129.4447624,835.3159954,0,617.8362,0,365.5835013,948.00728,0,0,0,250.5408783,3931.358573,0,200.7992386,186.791908,428.2342089,166.4615375,0,374.7812453,350.6582295,2644.129088,0,0,0,0,0,796.7754229,195.4512092,2872.044795,4122.532205,1379.232965,1505.996957,2727.925699,0.000140381,180.507904,218.0000055,0,0,0,0,0,0,0,0,0,0,0,0,0,0,0,0,0,0,0,0,0,0,0,0,0,0,3684.994157,0,0,7243.510876,61.96988764,0,0,1219.306667,0,0,469.4659141,0,74.0138427,0,0
Travel & Tours Revenue,0,0,0,0,0,0,0,0,0,0,0,0,0,0,0,63.70407,60.788644,320.1401655,205.2264402,0,0,173.0347799,792.1943853,2834.222991,0,0,2946.151491,0,0,0,0,0,0,0,76.04630832,3345.948753,0,185.9471954,1774.511801,51.25282328,0,0,0,0,0,0,0,0,0,0,0,0,47.0616627,0,0,0,0,0,0,0,0,0,0,0,0,0,0,0,0,270.2161768,0,300.7233398,278.7506531,0,168.7390985,126.7262298,0,0,0,960.9017595,175.9033576,78.72565644,0,49.07325,0,0,0,0,375.8368352,0,0,0,0,0,288.32356,0,0,0,0,0,0,2838.071393,1728.442131,0,1135.554315,632.3251996,1380.890618,1387.179479,0,857.8025615,3111.572037,1164.768762,0,0,0,0,0,3324.78072,3815.960719,565.5629741,5062.758848,1871.726705,1545.406224,1591.289991,1502.081887,11552.50586,1390.124299,0,0,0,0,0,0,0,0,0,0,0,0,0,0,0,0,0,0,0,0,0,0,0,0,0,0,1755.355272,179.5297079,2991.379551,1149.167528,408.094382,1342.558921,468.9505618,0,0,2654.134,4339.600887,0,926.7149888,0,99.324258
Surf Revenue,0,0,0,0,33.40771868,0,0,0,0,0,0,0,0,0,0,0,0,82.58494438,0,0,329.5585715,0,137.6917173,0,0,195.2307168,0,77.46896234,0,0,0,0,0,0,0,0,0,0,4214.833872,0,0,0,0,0,0,0,0,1749.197426,0,0,0,0,0,0,0,0,0,0,0,0,0,0,0,0,0,0,0,0,0,0,0,0,0,0,0,177.3499432,0,0,0,0,0,5108.933629,0,0,0,0,0,0,0,0,0,0,0,0,0,0,0,0,0,0,0,311.7842041,0,0,1166.020406,617.1051182,1114.726587,0,0,1013.397663,0,1718.553911,0,0,0,0,0,0,0,0,0,0,1963.42594,0,0,0,0,0,0,0,0,922.642,0,0,0,0,0,0,0,0,0,0,0,0,0,0,0,0,0,0,0,0,0,0,0,0,0,352.1703371,0,6102.609978,0,0,0,2865.448488,0,5464.688719,0,68.70255
Wellness Revenue,0,3067.71893,0,0,13.36360384,0,0,0,50.57028768,0,0,0,264.780672,0,0,0,195.39207,578.4039854,0,0,173.279224,117.6192093,0,274.6192878,0,351.0806942,0,0,0,0,0,0,0,0,0,16637.5387,240.1787576,581.3426492,976.7413302,408.6894281,72.60694462,1659.640245,77.0544012,12.35781078,119.1287078,0,0,342.6956,0,0,0,0,0,0,0,0,0,0,0,0,0,0,0,0,0,0,0,0,0,0,0,0,127.7553125,0,750.7591974,0,0,0,0,1711.711227,0,229.9534074,0,23.00161374,66.6659998,6047.727115,69.0258582,0,0,0,0,0,0,0,0,0,0,0,0,0,0,484.3790313,114.7080751,0,166.1786802,178.4900454,322.8227113,374.9938111,0,1177.11077,376.9922468,968.4740268,0,0,0,0,0,909.2241351,800.2740797,11153.04687,2893.005056,2894.566205,1519.860574,55.95745024,2948.011181,3790.665984,1104.970597,0,0,0,0,0,0,0,0,0,0,0,0,0,0,0,0,0,0,0,0,0,0,0,0,0,0,2952.916854,0,797.7012135,337.9904494,453.4382022,992.9342022,562.7406742,0,0,5787.6,3292.836552,0,231.2932584,0,61.636002
Retail Store Revenue,420.1770078,0,257.578542,0,201.2144095,134.6925821,74.97487304,66.86403684,33.9488832,0,61.22291704,381.5687624,301.8139324,0,66.09010198,202.5926424,394.8390507,667.0398542,100.0265515,0,421.3504175,76.86170956,342.9258841,303.8964566,0,778.6836473,167.5359941,32.5515154,0,0,135.600408,6.236418,0,85.56957384,167.7507446,1176.320028,80.32035564,81.57851058,955.3092191,199.5744443,76.6149338,495.7135443,184.3663801,64.92241056,17.22998004,0,0,7530.182225,0,0,0,0,618.6118848,0,0,558.48987,0,0,0,0,0,39.1959892,0,0,0,0,0,0,0,0,59.5894572,1870.880348,683.9397327,772.0385292,1570.492142,1897.176107,839.6324362,0,0,205.5741779,5.52573822,576.3978957,101.896389,0,266.6639992,0,276.1034328,0,0,0,345.6813304,0,337.1309088,0,107.091608,716.0128962,492.326562,486.931012,256.052684,233.58159,408.152324,797.5551292,520.0968404,0,650.8664975,485.6589607,658.8218598,458.3255083,0,925.4526058,579.3483792,530.3857757,0,0,0,0,0,442.8242452,833.9849304,1774.635101,578.6010112,3596.428929,1157.013831,464.983329,1243.850146,1083.047424,534.663192,0,0,0,0,3031.538,0,0,0,0,0,0,0,0,0,0,627.2041105,0,0,715.4134882,0,0,96.3942,0,250.3665,343.11096,0,914.0200449,282.7592899,3988.506067,1051.525843,1292.298876,1709.276404,1055.138764,772.48,0,1669.5,710.1165088,0,1188.847348,1535.906314,29.836536
Music Studio Revenue,0,0,0,0,0,0,0,0,0,0,294.0900312,0,0,0,0,0,0,0,0,0,0,0,0,0,0,0,0,0,0,0,0,0,0,0,0,0,0,0,0,0,0,0,0,0,0,0,0,0,0,0,0,0,0,0,0,0,0,0,0,0,0,0,0,0,0,0,0,0,0,0,0,0,0,0,0,0,0,0,0,0,0,0,0,0,0,0,0,0,0,0,0,0,0,0,494.26896,0,0,0,0,0,0,0,0,0,0,0,0,0,0,0,0,0,0,0,0,0,0,0,0,0,0,0,0,0,0,0,0,0,0,0,0,0,0,0,0,0,0,0,0,0,0,0,0,0,0,0,0,0,0,0,0,0,0,0,0,0,0,0,0,0,0,0,0,0,0,0,0,0
Other Revenue,0,0,0,0,1319.605533,0,359.5091179,0,0,0.16807212,3710.289739,0.50885376,-14438.86773,934.5197219,74.35386264,0,39.48740672,0,0,279.9729171,0,1615.421652,0,0,0,0,0,0,0,3799.298699,962.29,0,222.00992,7008.134304,168.8509342,4295.699291,0,42.07168224,242.668036,1442.648954,3852.197785,410.7854138,0,122.3646418,0,0,0,395.418,652.3088026,589.388996,0,0,5216.811323,0,1479.16507,4.2652575,0,0,58970.45266,2482.34089,0,11836.79213,0,0,-1516.266995,243.2017028,0,1559.07807,0,0,3.05904144,0,0,0,0,0,23.86322496,0,0,1406.800384,0,0,0,0,0,0,0,0,0,0,0,0,0,0,1647.5632,0,0,0,0,0,0,0,0,0,0,2075.465644,0,0,0,0,0,0,0,3799.298699,962.29,0,0,7897.951016,187.5614357,605.4424146,5062.758848,3880.458238,623.876833,926.7952696,3327.953669,577.6252928,57.74362474,0,0,0,0,0,651.90398,417.72,0,0,0,0,0,0,47119.99517,0,9540.7956,2718.72,0,17232.012,0,0,3993.474,0,0,0,0,0,0,0,0,0,0,0,0,0,0,0,138.1784518,0,0,0
Total Global Revenue (All Dept) Revenue,24410.98582,6044.520283,18132.34756,0,36315.27071,26449.3691,44611.56154,40178.39961,43756.66736,0.16807212,28467.3583,16512.78686,14772.083,11975.16819,14693.4314,6391.763618,12425.84034,34663.68873,11258.8847,279.9729171,52205.53233,17665.24323,47720.5176,19524.26472,0,39898.41241,26485.9904,12849.30788,0,3799.298699,10854.38375,5097.558582,4067.81518,20043.75245,19618.36388,728468.9128,35075.32818,30020.92421,114305.6119,41161.53921,36802.24083,68376.69302,22928.32748,14013.51051,8423.761547,0,0,56150.59498,652.3088026,589.388996,0,16799.23293,77579.12666,1001.532085,18661.1129,28919.12686,99345.01064,0,78536.35282,49425.58195,0,93545.65931,0,0,65464.64748,9984.225367,25258.74476,138710.3646,0,62865.01722,7764.289151,123783.6006,107987.9514,57196.97581,117972.5053,48844.63792,43473.61358,14547.43799,74643.80104,66680.83776,8000.160755,78500.815,131233.3173,12542.20797,21000.83951,11423.80711,29337.23976,0,33693.31318,31042.20232,36753.66317,28607.56281,46115.76028,0,30167.53491,19098.20921,34347.21331,18177.49053,21967.81488,6830.651781,7594.3365,42083.77837,22646.60732,0,57012.2485,29658.24164,60970.99543,19464.52849,0,45006.7311,32049.58736,21401.73005,0,3799.298699,22957.49,2796.6,2596,39922.91805,38465.97955,564255.4984,65873.92665,52748.35544,93234.07101,49537.66867,43399.65002,138418.0433,28648.34522,17423.63644,8458.209421,0,0,47450.16,1349.87398,417.72,0,32907.84,116246.2707,9947.267368,23257.02474,37169.33625,116687.3931,0,110031.6454,60491.52,0,126673.2155,0,0,52975.4982,53589.74838,36889.3665,205492.2543,0,106102.7473,11056.78588,174927.3271,144142.3814,87343.39768,180082.4627,69668.53036,156411.5762,17484.768,250530.0301,69330.93015,11883.30845,103861.3588,211182.4574,7271.870478
Food & Beverage- General COGS,3121.933422,0,2380.369774,0,4153.262716,1746.264976,2441.281728,1950.277448,4416.834381,0,2991.859176,3215.966364,2554.000426,1015.08783,2417.89537,526.8860881,811.113802,2508.12487,1160.491492,-15.55206016,5914.067223,785.0733119,3125.918072,2850.129605,0,3350.104644,2590.175492,100.5257434,0,0,882.337448,18.052053,0,1088.625968,1464.740957,139152.5282,3781.365571,3398.579519,14523.64934,3237.22187,1607.494312,14192.28167,5711.099514,1778.614983,1122.971435,0,0,12584.28329,1029.673263,0,968.537038,2836.271883,4376.601633,0,1477.432364,1376.626793,1242.715074,0,385.6878144,65.113344,0,3720.350362,0,0,435.4126014,0,197.830245,33480.79816,59.027199,12933.67348,698.6031125,16544.70246,7022.916407,6238.374416,6679.467229,14234.61524,8905.342151,0,23233.08179,5121.330673,0,8959.475392,15248.95493,1611.353534,999.9928531,0,2339.821826,0,2963.638813,1168.436611,1071.928682,1087.345853,2561.953602,0,3360.184552,3154.535922,3054.327795,3436.634118,1765.896244,470.7730773,540.1939429,4060.599528,1734.112514,0,4664.247803,1883.249853,3139.179547,2049.640912,0,3132.25117,3315.36961,923.4432344,0,0,1031.025,0,0,1685.420433,2422.262872,119388.2628,5090.242396,2669.240926,6138.623755,2701.906744,0,5888.167828,2895.25679,2179.028519,1080.397298,0,0,8906.263226,195.4316,0,0,5726.99253,6643.24011,397.8562104,2325.547422,1991.050875,2045.915388,0,5328.647929,0,0,1475.66198,0,0,0,0,0,43156.89421,0,13404.82835,266.6016162,22595.81443,4358.274182,10386.75775,12316.5796,15838.80522,18767.61377,0,16932.02448,4013.630293,0,5516.344213,30700.68234,810.548759
Administrative and General,7963.970179,17517.42042,13697.6588,5109.618031,8166.048808,7630.607837,14235.571,7002.449976,15951.10944,408.4138852,10869.2973,7147.105486,11468.08464,7000.515278,8028.505262,3051.944175,6879.081067,10002.21699,4794.12916,2832.980589,9882.242701,6568.472615,7116.835428,7597.6003,1020.893938,12808.27157,7824.682075,5280.211118,487.0622988,1161.056327,6084.14726,3267.141933,3463.50532,4267.471133,5579.262963,42431.5521,7452.049068,13978.58301,11492.62539,10441.33484,9518.05074,16219.8353,5932.973703,4995.922626,2750.198091,0,0,8080.551358,4407.499078,1367.698824,2282.997259,7423.871588,11153.53583,1307.975668,3116.405653,3693.565643,6880.013024,0,14788.93113,45004.91604,255.0342024,23967.4858,0,-11.912808,30625.41505,14121.66205,9163.803359,15743.93093,8730.554771,22882.04071,4361.65963,16278.9595,11481.30247,4568.595144,5333.378325,6006.499138,27462.92314,1834.263178,19476.0442,14940.43661,3620.475012,5148.817946,13335.80499,1229.712831,5244.173384,2741.735587,3498.462947,3654.578189,8374.285687,8946.259917,12193.21995,2890.583468,13985.05211,0,7411.394965,7220.354356,8066.563273,7364.239852,6777.115553,2345.265269,4071.873083,8630.632107,5310.596056,1723.141365,8078.459146,7190.030089,7940.521151,6276.867255,625.8571954,5274.703656,3451.224101,4599.659232,772.5947602,781.147433,4892.399903,2021.164024,2431.72207,7647.507209,5988.697852,34323.93562,8194.986586,13787.9518,7786.629936,11966.72895,6309.370744,23690.46237,2755.361762,3878.929079,2211.622976,0,0,5212.9273,4745.009451,995.566,2661.914269,6437.664758,9990.556042,2906.642347,3535.779309,4208.297957,5715.942147,0,12617.91937,15043.64718,0,24085.41378,0,0,8930.750609,25996.01506,9908.27574,46228.38319,24735.98366,24517.973,2764.951208,15612.61809,8454.928891,7068.18556,7778.812017,8739.932151,11294.94867,1963.48343,32100.60797,8184.811903,2753.528519,10255.85138,19028.73672,1251.300009
Utilities,4218.192232,7723.892089,3229.281385,569.2619909,8231.480379,14535.44523,7936.486164,3081.115115,17291.10678,0,4030.351478,3763.952834,1484.548089,2283.83572,5926.223468,254.81628,894.5497176,6755.321913,3014.455513,2667.733748,5935.810316,4202.534458,6064.254728,2853.664254,206.2615763,6268.058808,1746.445236,2470.637893,385.512372,678.4059304,2341.897679,943.083435,862.55994,2432.546173,1762.584649,39393.83281,11559.61523,2695.629136,3414.054,7679.006898,2346.374112,23148.79885,1684.809794,3334.129162,1987.913479,0,0,5398.800121,1675.128,1308.118028,724.10877,5636.07091,12413.4631,1803.750105,4248.944224,2004.432075,7046.694052,0,2384.882849,11524.38221,0,19476.52259,0,-18120.65877,9039.600205,2876.561272,2585.11214,4600.198827,2149.680364,2963.779143,1419.158133,6466.312668,5649.153069,4353.87163,9004.278307,2424.864462,2076.009419,1659.443251,4299.181716,8767.103796,3315.442932,3753.98941,4110.585147,954.9693709,5920.376004,2821.76999,3285.828,575.40539,6180.42996,12280.54302,8158.079397,1272.974553,10451.05817,0,4860.31144,1293.99921,5254.24146,2370.0182,6256.77123,450.175428,434.2046,8222.309799,5083.170304,3845.758767,6794.032103,8163.498201,6456.454226,2358.205115,951.1963557,8523.905579,1940.40127,3119.916328,401.436,986.6173284,3230.545,419.49,973.5,2100.827833,1524.160806,33172.44367,8317.389536,4244.436022,3569.353537,7422.825721,2743.054213,22021.96429,2359.932041,4083.029132,2559.463783,0,0,4221.74618,2373.098,1118.0972,1329.86,3702.132,13368.32113,1989.48,0,1672.620131,4112.7012,0,4595.9112,7884.288,0,9831.552126,0,0,1879.6869,4419.669751,3504.489818,7719.9966,1005.8202,5550.860605,1411.712016,6956.696629,7293.082809,2983.623371,4240.559371,1969.59236,4288.956072,2337.44784,15490.3003,3652.929184,1277.67961,4903.417079,14782.77202,874.9248443
Labor Expense,19670.65415,19060.13764,13578.08089,2987.6586,15584.95572,11464.60648,19232.25244,5156.520244,21157.97186,0,10400.78746,6676.943164,7988.849263,1727.433289,10381.47089,1116.54192,4237.172983,9392.053314,4856.506764,2909.34749,10411.36715,4928.270359,5654.632027,8561.928853,2180.996214,6434.72694,4757.222373,4509.840005,1196.0518,2889.989861,10163.65199,5552.537436,5324.9152,6172.432026,6059.934528,109759.1834,13388.7048,16548.0698,16092.56185,11987.32317,9004.388422,27832.93984,8116.074142,7456.94519,2627.195289,0,0,12871.52811,9390.167314,3222.528788,5664.658357,12928.18773,19703.56148,516.4769659,5883.157418,4713.12945,9801.532728,0,31046.64436,55895.64618,255.0342024,53570.37289,0,0,50636.9336,30079.52976,21020.90568,74585.93749,8365.099951,45094.10583,22204.08451,35651.7145,19313.57963,8489.781848,22449.93127,6333.092207,45506.02121,4341.214147,80235.3671,16045.79171,2814.544918,14095.20533,49766.44796,831.8269202,15052.23356,9480.252619,8746.03902,1956.789695,15420.61708,13653.36442,20747.81668,6485.727086,17810.48723,0,9046.288292,6414.08323,9034.704393,4887.903053,8180.469738,940.4136378,3891.612583,10624.64743,5008.236387,1624.261272,11298.81529,7187.04548,4424.070181,7363.095264,1761.321857,7340.048968,3429.035255,3719.374472,1608.661102,1936.265021,7832.491977,4762.447276,5102.13641,6179.644233,6257.764636,103823.2641,11998.89684,15779.0996,16111.78149,14209.32353,6692.406908,31237.48406,4689.536163,6422.799313,2529.233864,0,0,8833.901732,10691.16943,3744.1636,2467.55523,14621.2961,17317.01222,3413.987597,3694.451773,6306.955972,5823.424228,0,36534.96296,28681.97674,0,36068.77929,0,0,16752.97031,34956.60716,22924.06656,90542.00028,23523.21067,46736.53424,15887.60668,20630.03951,10242.64991,6330.582618,13938.68139,6458.234905,44969.13764,4051.195018,66390.68401,18770.57268,1785.262872,9705.916607,50155.73231,1529.392216
Gross Operating Profit,-12885.43624,-29587.32079,-16214.98961,-6220.13534,-2442.539405,-14339.776,-890.3374704,18099.54747,-16906.31325,-408.245813,813.6597158,-7711.17518,-11011.67563,-3420.699395,-15583.93121,1142.098897,-109.7753268,1539.747032,-4051.089692,-7505.860584,12146.86307,32.0216718,17012.79767,-5644.000658,-3494.037117,2076.13481,4398.471013,-498.4924231,-2453.6705,-998.2719406,-6343.181981,-4529.806833,-5553.38916,3287.890319,1202.529122,169266.2241,-19985.98228,-6797.060753,27824.21132,2893.350994,5805.111225,-29744.4445,-4937.622855,-4425.341415,-1817.480226,0,0,3770.284269,-15196.48203,-6173.358564,-11130.24997,-13964.23623,24820.2372,-2679.873329,2561.908691,11373.86468,43965.83981,0,23305.8657,-35833.38209,-255.0342024,-55202.16237,0,18132.57157,-18797.58507,-36798.18962,-7056.410856,-14179.88891,-9016.292208,-33560.02076,-19473.48928,38181.40197,43186.003,24837.88445,47231.65204,14299.58521,-37354.69772,5688.29856,-73943.58725,14573.21027,-4095.729953,33834.91233,16695.94,7218.675075,-6125.070273,-4190.225582,9326.235962,-5064.431175,-1913.205454,-8904.007738,-4793.412967,14588.9653,3227.476473,0,3136.178735,-2346.748199,6700.28695,-2843.82313,-5137.80312,-1171.065017,-5036.193215,7259.949985,1486.370976,-6694.451382,20560.08315,-1270.629425,31875.15079,-570.1191085,-4606.646325,13929.55071,13251.25338,5406.828275,-2507.230493,522.4517496,6993.466118,-3822.789676,-4819.961311,8149.743442,7371.763178,138199.5744,6144.722438,6152.995927,39346.72585,4872.975627,4210.398689,12910.14117,4622.792589,8.969467015,180.3957041,0,0,12328.76862,-17685.4886,-6544.28,-7285.63801,-1803.068039,65301.83956,2376.665839,13545.01799,23795.18114,60180.39734,0,42327.25528,2645.493977,0,30788.01529,0,0,21694.30555,-5697.071832,-2756.262129,8881.818017,-31711.79408,-6775.712989,-11741.42885,64790.69732,80457.73313,43870.78504,97054.90675,22999.66059,49229.79407,8810.453625,83736.49717,22555.69236,3788.699415,53354.07782,64858.11927,953.0679462
EBITDA,1892.066599,-11945.38633,1394.414284,-10855.60372,-3824.714539,-89803.93896,-42552.94834,16622.89223,-82269.98442,-18113.20206,-1316.17845,-10759.1615,-76168.62447,-7011.771822,-100197.9142,-1805.952845,3614.205637,-29403.50257,-16334.39172,-8200.212383,-5571.887342,-5900.068183,11281.04683,-11217.24307,-4875.128452,-7077.300424,-2656.158288,-3066.329323,-2882.016094,-36884.61895,-15986.05637,-12528.23665,-9213.89194,-3060.623438,-6543.785792,37663.34934,-68011.40284,-62678.84674,-4005.100396,-3931.226079,-15889.35325,-149389.4185,-24227.14522,-8698.491221,-8536.427166,9516.298623,-256.4132094,-20386.15723,-28052.3077,-6524.535768,-22478.79646,-65790.49179,-61396.21644,-9910.956705,-8203.867217,4421.952945,4275.400478,0,-21.6758448,-96968.17843,-13317.6342,-156340,0,18132.57157,-37294.70942,-132427.8506,-16690.76482,-76009.90795,-61158.63558,-84172.76956,-25436.95527,-14242.65022,26964.96346,8132.153702,24486.03424,9625.086009,-128661.8146,-22396.84595,-88012.14181,-9469.758644,-5967.482232,17745.14804,-7425.635852,6816.790021,-26447.195,-13148.64843,-6684.356097,-10484.35246,-16111.45249,-83992.85473,-83295.22333,-12768.82226,-75383.16815,0,-64801.22158,-3537.567285,-92932.01561,-61273.31825,-92666.07315,-9209.148636,-12551.94859,-24058.25751,-11811.37348,-10082.44732,6669.037019,-7436.820261,19956.89573,-6675.037318,-6997.867587,5023.598939,4649.117316,586.4146841,-16946.88341,-15794.00533,6016.906732,-11882.59088,-9809.473311,-9645.558563,451.0635041,25205.96534,-33738.02829,-56182.53102,10742.21374,-25696.7599,-31043.86189,-151064.4663,-13755.14967,-4647.953853,-13036.26119,0,-338.1171636,-14175.11137,-33078.75629,-7331.765744,-18718.47103,-45816.44021,-21467.48984,-7253.857745,2543.159903,16965.99014,21774.39074,0,-4953.939712,-57832.56428,0,-169048.5874,0,0,2999.227451,-94184.10393,-13343.42686,-116826.0432,-79635.77388,-65168.1058,-20801.88781,-9094.058677,-6230.057339,24750.80751,74212.75843,18310.15497,45109.1434,-3054.606855,69326.11517,-7575.819362,2006.653594,31916.27668,-6220.382588,-9226.237064
,,,,,,,,,,,,,,,,,,,,,,,,,,,,,,,,,,,,,,,,,,,,,,,,,,,,,,,,,,,,,,,,,,,,,,,,,,,,,,,,,,,,,,,,,,,,,,,,,,,,,,,,,,,,,,,,,,,,,,,,,,,,,,,,,,,,,,,,,,,,,,,,,,,,,,,,,,,,,,,,,,,,,,,,
,,,,,,,,,,,,,,,,,,,,,,,,,,,,,,,,,,,,,,,,,,,,,,,,,,,,,,,,,,,,,,,,,,,,,,,,,,,,,,,,,,,,,,,,,,,,,,,,,,,,,,,,,,,,,,,,,,,,,,,,,,,,,,,,,,,,,,,,,,,,,,,,,,,,,,,,,,,,,,,,,,,,,,,,
